dataset_split,rows,default_rate_percent,positive_count,negative_count
train,280196,18.767220088794986,52585,227611
test,60012,18.609611411051123,11168,48844
